{"Weight_mean":38.9179166667,"Weight_std":0.2645271499,"Weight_min":37.72,"Weight_max":40.14,"w_ma7":37.8427455357,"w_ma14":37.3826034543,"w_diff7":0.644375,"w_diff14":1.5821354167,"weight_std_roll14":1.1576853865,"Freq_mean":115.3619791667,"Freq_max":255.9,"Freq_std":33.4663235909,"f_ma7":116.6659773697,"f_diff7":0.5658854167,"Vol_mean":1.3786458333,"Vol_max":8.3,"Temp_mean":16.8240740741,"Temp_max":24.1,"corr_w_temp":0.1128212039,"days_since_swarm":999.0,"has_prior_swarm":0.0,"day_of_year":107.0,"win_Weight_drop":0.115,"win_Weight_std":0.1089170173,"win_Weight_range":0.34,"win_Freq_max":156.775,"win_Freq_std":24.4340507081,"win_Freq_mean":116.3453125,"win_Vol_max":4.15,"win_Vol_mean":1.7921875,"freq_spike_ratio":0.8074551244,"night_Freq_mean":114.155,"night_Freq_max":212.9,"night_Freq_std":27.3462859107,"night_Vol_mean":0.8666666667,"night_Vol_max":3.4,"night_Weight_mean":38.8795833333,"night_weight_delta":0.1270833333,"night_f_ma7":116.6795238095,"night_fmax_ma7":250.0357142857,"night_fmax_ma3":233.0333333333,"night_freq_spike_ratio":0.9995886466,"night_to_morning_freq":0.917694862,"night_wdelta_ma3":0.1365277778}