{"Weight": 40.32631944444445, "weight_ma_7d": 38.54465277777778, "weight_ma_14d": 37.5368047345375, "weight_diff_7d": 0.5796527777777705, "weight_diff_14d": 1.2784070881226055, "weight_diff_21d": 2.0380555555555557, "weight_trend_slope": 0.0866435572974029, "weight_acceleration": 0.01353948135198375, "n_positive_days_7d": 4.0, "weight_growing_streak": 1.0, "weight_peak_ratio": 0.8897110019045875, "weight_drop_3d": -0.21428797468354333, "days_since_last_swarm": 999.0, "n_swarms_this_season": 0.0, "Frequency": 115.74166666666667, "freq_ma_7d": 116.79926740539547, "freq_trend_7d": 0.5256944444444684, "Freq_std": 37.16371639314248, "Volume": 1.3631944444444444, "vol_trend_7d": -0.061805555555555614, "Temp_scale": 16.735416666666666, "temp_trend_7d": 1.0999999999999996, "Temp_heart": 28.347569444444446, "corr_w_temp": 0.0720950279262271}